宸汐缘,全部,电视剧
长安十二时辰,全部,电视剧
九州缥缈录,全部,电视剧
亲爱的热爱的,全部,电视剧
追球,全部,电视剧
少年江湖物语,全部,电视剧
蜜汁炖鱿鱼,全部,电视剧
少年派,全部,电视剧
大宋少年志,全部,电视剧
"亲爱的,热爱的",全部,电视剧
破冰行动,全部,电视剧
流淌的美好时光,全部,电视剧
我在大理寺当宠物,全部,电视剧
时间都知道,全部,电视剧
古剑奇谭,全部,电视剧
逆水寒,全部,电视剧
我爱我家,全部,电视剧
带着爸爸去留学,全部,电视剧
亮剑,全部,电视剧
天龙八部,全部,电视剧
我们不能是朋友,全部,电视剧
猫和老鼠,全部,电视剧
甄执,全部,电视剧
如懿传,全部,电视剧
天涯明月刀,全部,电视剧
河神,全部,电视剧
武林外传,全部,电视剧
镇魂街,全部,电视剧
十年三月三十日,全部,电视剧
新三国演义,全部,电视剧
琅琊榜,全部,电视剧
笑傲江湖,全部,电视剧
水浒传,全部,电视剧
神探柯晨,全部,电视剧
法医秦明,全部,电视剧
仙剑奇侠传3,全部,电视剧
爱情公寓,全部,电视剧
延禧攻略,全部,电视剧
怒海潜沙,全部,电视剧
三生三世十里桃花,全部,电视剧
动物管理局,全部,电视剧
不良人,全部,电视剧
鸡毛飞上天,全部,电视剧
花木兰传奇,全部,电视剧
知否知否应是绿肥红瘦,全部,电视剧
红楼梦,全部,电视剧
神探夏洛克,全部,电视剧
人民的名义,全部,电视剧
破产姐妹,美剧,电视剧
西部世界,美剧,电视剧
冰与火之歌,美剧,电视剧
闪电侠,美剧,电视剧
越狱第一季,美剧,电视剧
福尔摩斯：基本演绎法第一季,美剧,电视剧
兄弟连,美剧,电视剧
老友记第一季,美剧,电视剧
绿箭侠,美剧,电视剧
心理追凶,美剧,电视剧
非常人贩,美剧,电视剧
越狱第二季,美剧,电视剧
尼基塔第三季,美剧,电视剧
良医,美剧,电视剧
纸牌屋,美剧,电视剧
盾牌,美剧,电视剧
性爱大师,美剧,电视剧
初代吸血鬼,美剧,电视剧
老友记第二季,美剧,电视剧
越狱第四季,美剧,电视剧
反击,美剧,电视剧
行尸走肉第三季,美剧,电视剧
越狱第三季,美剧,电视剧
风中的女王,美剧,电视剧
血族第一季,美剧,电视剧
加州靡情,美剧,电视剧
黑吃黑,美剧,电视剧
特工卡特,美剧,电视剧
行尸走肉第四季,美剧,电视剧
绝命毒师第五季,美剧,电视剧
情妇,美剧,电视剧
破产姐妹第三季,美剧,电视剧
灭世第一季,美剧,电视剧
美国恐怖故事第二季,美剧,电视剧
断头谷,美剧,电视剧
老友记第四季,美剧,电视剧
血战太平洋,美剧,电视剧
地狱猫,美剧,电视剧
欲情第一季,美剧,电视剧
哥谭镇,美剧,电视剧
国土安全第一季,美剧,电视剧
末日孤舰第二季,美剧,电视剧
大器晚成,美剧,电视剧
无耻家庭,美剧,电视剧
明日传奇,美剧,电视剧
新闻编辑室,美剧,电视剧
妖女迷行,美剧,电视剧
坏家伙们,韩剧,电视剧
城市猎人,韩剧,电视剧
继承者们,韩剧,电视剧
大长今,韩剧,电视剧
秘密花园,韩剧,电视剧
秘密,韩剧,电视剧
我的大叔,韩剧,电视剧
人鱼小姐,韩剧,电视剧
蓝色生死恋,韩剧,电视剧
匹诺曹,韩剧,电视剧
我的女孩,韩剧,电视剧
主君的太阳,韩剧,电视剧
加油吧威基基,韩剧,电视剧
美女的诞生,韩剧,电视剧
步步惊心：丽,韩剧,电视剧
拥抱太阳的月亮,韩剧,电视剧
求婚大作战,韩剧,电视剧
恶作剧之吻,韩剧,电视剧
风之画员,韩剧,电视剧
豪杰春香,韩剧,电视剧
老千,韩剧,电视剧
听见你的声音,韩剧,电视剧
不汗党,韩剧,电视剧
夜行书生,韩剧,电视剧
Triangle,韩剧,电视剧
经常请吃饭的漂亮姐姐,韩剧,电视剧
我的公主,韩剧,电视剧
男朋友,韩剧,电视剧
窈窕淑女,韩剧,电视剧
想你,韩剧,电视剧
healer,韩剧,电视剧
未生,韩剧,电视剧
妻子的诱惑,韩剧,电视剧
皇后的品格,韩剧,电视剧
天国的阶梯,韩剧,电视剧
情,韩剧,电视剧
密会,韩剧,电视剧
鲨鱼,韩剧,电视剧
记忆,韩剧,电视剧
澡堂老板家的男人们,韩剧,电视剧
小妇人,韩剧,电视剧
黄真伊,韩剧,电视剧
我的女友是九尾狐,韩剧,电视剧
乞丐王子,韩剧,电视剧
屋塔房王世子,韩剧,电视剧
天命,韩剧,电视剧
绅士的品格,韩剧,电视剧
学校2015,韩剧,电视剧
白夜行,日剧,电视剧
欺诈游戏,日剧,电视剧
地狱少女,日剧,电视剧
半泽直树,日剧,电视剧
孤独的美食家,日剧,电视剧
世界奇妙物语,日剧,电视剧
一吻定情,日剧,电视剧
东京爱情故事,日剧,电视剧
假面骑士空我,日剧,电视剧
悠长假期,日剧,电视剧
神探伽利略,日剧,电视剧
富美子之足,日剧,电视剧
荒川爆笑团,日剧,电视剧
妖怪人贝姆,日剧,电视剧
超级银河大怪兽格斗,日剧,电视剧
排球女将,日剧,电视剧
极道鲜师,日剧,电视剧
大和抚子,日剧,电视剧
幻夜,日剧,电视剧
魔女的条件,日剧,电视剧
假面骑士亚马逊,日剧,电视剧
侍战队真剑者,日剧,电视剧
太阳的季节,日剧,电视剧
怪谈百物语,日剧,电视剧
百兽战队牙吠连者,日剧,电视剧
诈欺游戏,日剧,电视剧
律政英雄,日剧,电视剧
野猪大改造,日剧,电视剧
流星之绊,日剧,电视剧
星兽战队银河人,日剧,电视剧
勇者义彦与魔王城,日剧,电视剧
回首又见他,日剧,电视剧
黑色皮革手册,日剧,电视剧
昼颜,日剧,电视剧
特搜战队刑事连者,日剧,电视剧
天体观测,日剧,电视剧
平清盛,日剧,电视剧
朝5晚9,日剧,电视剧
信长的主厨,日剧,电视剧
最完美的离婚,日剧,电视剧
恋爱世纪,日剧,电视剧
月之恋人,日剧,电视剧
料理仙姬,日剧,电视剧
上锁的房间,日剧,电视剧
贫穷贵公子,日剧,电视剧
欺诈游戏2,日剧,电视剧
欺诈猎人,日剧,电视剧
新参者,日剧,电视剧
科搜研之女,日剧,电视剧
龙的天空,港剧,电视剧
神雕侠侣古天乐版,港剧,电视剧
天龙八部黄日华版,港剧,电视剧
笑看风云,港剧,电视剧
太极张三丰,港剧,电视剧
笑傲江湖吕颂贤,港剧,电视剧
八仙过海,港剧,电视剧
奇幻潮,港剧,电视剧
法证先锋3,港剧,电视剧
古灵精探,港剧,电视剧
天地争霸美猴王,港剧,电视剧
圆月弯刀,港剧,电视剧
楚汉骄雄,港剧,电视剧
法证先锋2,港剧,电视剧
仁心解码2,港剧,电视剧
千王之王,港剧,电视剧
搜神传,港剧,电视剧
千王之王重出江湖,港剧,电视剧
我和僵尸有个约会2,港剧,电视剧
刑事侦缉档案4,港剧,电视剧
拳王,港剧,电视剧
流金岁月,港剧,电视剧
幻海奇情,港剧,电视剧
枪神,港剧,电视剧
万水千山总是情,港剧,电视剧
灵异侦缉档案,港剧,电视剧
神枪狙击2013,港剧,电视剧
齐天大圣孙悟空,港剧,电视剧
使徒行者,港剧,电视剧
洛神,港剧,电视剧
珠光宝气,港剧,电视剧
奸人坚,港剧,电视剧
宫心计,港剧,电视剧
我和僵尸有个约会3,港剧,电视剧
金枝欲孽2,港剧,电视剧
施公奇案,港剧,电视剧
谈情说案,港剧,电视剧
法外风云,港剧,电视剧
锦绣良缘,港剧,电视剧
人龙传说,港剧,电视剧
仙鹤神针,港剧,电视剧
天地男儿,港剧,电视剧
忠奸人,港剧,电视剧
绝代商骄,港剧,电视剧
复仇者联盟4：终局之战,全部电影,电影
亲爱的,全部电影,电影
最佳女婿,全部电影,电影
扫毒,全部电影,电影
千与千寻,全部电影,电影
钢铁侠3,全部电影,电影
阿拉丁,全部电影,电影
雷神,全部电影,电影
地狱男爵,全部电影,电影
三体,全部电影,电影
奔跑吧兄弟,全部电影,电影
釜山行,全部电影,电影
惊奇队长,全部电影,电影
流浪地球,全部电影,电影
三伏天,全部电影,电影
青春珊瑚岛,全部电影,电影
何以为家,全部电影,电影
企鹅公路,全部电影,电影
疯狂的外星人,全部电影,电影
星球大战8,全部电影,电影
盗墓笔记,全部电影,电影
环太平洋：雷霆再起,全部电影,电影
最好的我们,全部电影,电影
怦然心动,全部电影,电影
刺客信条,全部电影,电影
哥斯拉,全部电影,电影
菜鸟,全部电影,电影
僵尸世界大战,全部电影,电影
爱因斯坦,全部电影,电影
大话西游,全部电影,电影
致我们终将逝去的青春,全部电影,电影
悬崖上的金鱼姬,全部电影,电影
无名之辈,全部电影,电影
我不是药神,全部电影,电影
复仇者联盟3：无限战争,全部电影,电影
龙猫,全部电影,电影
肖申克的救赎,全部电影,电影
调研报告,全部电影,电影
追凶者也,全部电影,电影
沉睡魔咒,全部电影,电影
银魂,全部电影,电影
生化危机,全部电影,电影
疾速特攻,全部电影,电影
港珠澳大桥,全部电影,电影
西虹市首富,全部电影,电影
的士速递5,全部电影,电影
狂暴巨兽,全部电影,电影
毒战,全部电影,电影
长城,全部电影,电影
魔女,全部电影,电影
古墓丽影,惊悚电影,电影
罗生门,惊悚电影,电影
红海行动,惊悚电影,电影
这个杀手不太冷,惊悚电影,电影
调音师,惊悚电影,电影
闪灵,惊悚电影,电影
电锯惊魂,惊悚电影,电影
七宗罪,惊悚电影,电影
死神来了,惊悚电影,电影
英雄无敌3,惊悚电影,电影
汉尼拔,惊悚电影,电影
普罗米修斯,惊悚电影,电影
金钱帝国,惊悚电影,电影
孤岛惊魂,惊悚电影,电影
超凡蜘蛛侠,惊悚电影,电影
沉默的羔羊,惊悚电影,电影
飓风营救,惊悚电影,电影
疯狂的麦克斯,惊悚电影,电影
看见恶魔,惊悚电影,电影
追击者,惊悚电影,电影
门徒,惊悚电影,电影
饥饿游戏,惊悚电影,电影
至暗之时,惊悚电影,电影
钢铁侠2,惊悚电影,电影
死神来了5,惊悚电影,电影
蚁人,惊悚电影,电影
死神来了2,惊悚电影,电影
恐怖游轮,惊悚电影,电影
证人,惊悚电影,电影
禁闭岛,惊悚电影,电影
金刚狼,惊悚电影,电影
摆渡人,惊悚电影,电影
机械师,惊悚电影,电影
午夜电影,惊悚电影,电影
穆赫兰道,惊悚电影,电影
林中小屋,惊悚电影,电影
致命id,惊悚电影,电影
银翼杀手,惊悚电影,电影
公寓,惊悚电影,电影
致命魔术,惊悚电影,电影
黑色大丽花,惊悚电影,电影
生化危机2,惊悚电影,电影
钢铁侠1,惊悚电影,电影
搏击俱乐部,惊悚电影,电影
终结者2,惊悚电影,电影
死神来了4,惊悚电影,电影
美国队长,科幻电影,电影
头号玩家,科幻电影,电影
星际迷航2,科幻电影,电影
复仇者联盟2：奥创纪元,科幻电影,电影
冰封：重生之门,科幻电影,电影
阿凡达2,科幻电影,电影
正义联盟,科幻电影,电影
盗梦空间,科幻电影,电影
阿凡达,科幻电影,电影
2012,科幻电影,电影
黑豹,科幻电影,电影
勇敢者游戏：决战丛林,科幻电影,电影
绿巨人,科幻电影,电影
云图,科幻电影,电影
v字仇杀队,科幻电影,电影
2001太空漫游,科幻电影,电影
源代码,科幻电影,电影
无敌浩克,科幻电影,电影
美国队长2,科幻电影,电影
搁浅,科幻电影,电影
人工少女,科幻电影,电影
死亡飞车,科幻电影,电影
后天,科幻电影,电影
超人:钢铁之躯,科幻电影,电影
超级战舰,科幻电影,电影
银翼杀手2049,科幻电影,电影
蜘蛛侠1,科幻电影,电影
安德的游戏,科幻电影,电影
杰森在太空,科幻电影,电影
活死人归来5,科幻电影,电影
嘟当曼,全部,动漫
航海王,全部,动漫
一拳超人,全部,动漫
魔道祖师,全部,动漫
狮子王,全部,动漫
向日葵,全部,动漫
火影忍者,全部,动漫
斗罗大陆,全部,动漫
阴阳师,全部,动漫
进击的巨人,全部,动漫
剑灵,全部,动漫
名侦探柯南,全部,动漫
尸兄,全部,动漫
斗破苍穹,全部,动漫
平凡职业造就世界最强,全部,动漫
中国惊奇先生,全部,动漫
赛尔号,全部,动漫
我的英雄学院,全部,动漫
奥特曼,全部,动漫
熊出没,全部,动漫
龙珠超,全部,动漫
西游记,全部,动漫
蜡笔小新,全部,动漫
炮炮兵,全部,动漫
海绵宝宝,全部,动漫
三只松鼠,全部,动漫
天行九歌,全部,动漫
文豪野犬,全部,动漫
灌篮高手,全部,动漫
黑色四叶草,全部,动漫
死神,全部,动漫
妖神记,全部,动漫
七大罪,全部,动漫
香肠派对,全部,动漫
斗罗大陆2绝世唐门,全部,动漫
擅长捉弄的高木同学,全部,动漫
皮卡丘,全部,动漫
全职猎人,全部,动漫
小马宝莉,全部,动漫
龙珠,全部,动漫
七龙珠,全部,动漫
喜羊羊与灰太狼,全部,动漫
狐妖小红娘,全部,动漫
阿基拉,冒险,动漫
妖精的尾巴,冒险,动漫
圣斗士星矢,冒险,动漫
犬夜叉,冒险,动漫
数码宝贝,冒险,动漫
猪猪侠,冒险,动漫
万界仙踪,冒险,动漫
钢之炼金术师,冒险,动漫
命运石之门,冒险,动漫
忍者神龟,冒险,动漫
欧布奥特曼,冒险,动漫
蓝精灵,冒险,动漫
罪恶王冠,冒险,动漫
浪客剑心,冒险,动漫
风之大陆,冒险,动漫
百变小樱,冒险,动漫
光之美少女,冒险,动漫
神兽金刚,冒险,动漫
女神异闻录,冒险,动漫
魔卡少女樱,冒险,动漫
魔法俏佳人,冒险,动漫
金田一少年事件簿,冒险,动漫
星际牛仔,冒险,动漫
电击小子,冒险,动漫
乐高幻影忍者,冒险,动漫
噬魂师,冒险,动漫
加速世界,冒险,动漫
猫眼三姐妹,冒险,动漫
迪迦奥特曼,日本,动漫
起风了,日本,动漫
神奇宝贝,日本,动漫
你的名字,日本,动漫
美少女战士,日本,动漫
名侦探柯南剧场版,日本,动漫
约会大作战,日本,动漫
杀戮都市,日本,动漫
初音未来,日本,动漫
铳梦,日本,动漫
网球王子,日本,动漫
东京食尸鬼,日本,动漫
从零开始的异世界生活,日本,动漫
为美好的世界献上祝福,日本,动漫
新世纪福音战士,日本,动漫
野良神,日本,动漫
战姬绝唱,日本,动漫
剑风传奇,日本,动漫
漫威英雄：浩克,欧美,动漫
巴巴爸爸,欧美,动漫
睡美人,欧美,动漫
漫威蜘蛛侠,欧美,动漫
辛普森一家,欧美,动漫
咱们裸熊,欧美,动漫
变形金刚,欧美,动漫
战神金刚,欧美,动漫
小飞侠,欧美,动漫
猛兽侠,欧美,动漫
木偶奇遇记,欧美,动漫
终极蜘蛛侠,欧美,动漫
加菲猫的幸福生活,欧美,动漫
龟兔赛跑,欧美,动漫
少年正义联盟,欧美,动漫
降世神通,欧美,动漫
帕丁顿熊,欧美,动漫
丑小鸭,欧美,动漫
白雪公主,欧美,动漫
爱丽丝梦游仙境,欧美,动漫
灰姑娘,欧美,动漫
变形金刚领袖之证,欧美,动漫
万能兔,欧美,动漫
长袜子皮皮,欧美,动漫
小熊维尼与跳跳虎,欧美,动漫
麻辣女孩,欧美,动漫
希瑞,欧美,动漫
皱纹,欧美,动漫
超级蜘蛛侠,欧美,动漫
科拉传奇,欧美,动漫
蚂蚁金服员工受贿,实时热点,热点
四国央行宣布降息,实时热点,热点
高考移民冒用户籍,实时热点,热点
俄客机驾驶舱冒烟,实时热点,热点
浙大女教授获大奖,实时热点,热点
赵本山老婆现身,实时热点,热点
打老师案被告上诉,实时热点,热点
张翰娜扎疑复合,实时热点,热点
章案凶手终身监禁,实时热点,热点
荷兰弟恋情曝光,实时热点,热点
不救人司机被刑拘,实时热点,热点
拉杜蓝乔被下架,实时热点,热点
91岁被列扫黑嫌犯,实时热点,热点
黄荷娜被判缓刑,实时热点,热点
北京南四环车祸,实时热点,热点
baby回应深夜发文,实时热点,热点
走98800步遭质疑,实时热点,热点
安倍京都火灾发推,实时热点,热点
孙杨暴力抗检听证,实时热点,热点
陆金所退出P2P,实时热点,热点
高速收费员假笑,实时热点,热点
古力娜扎取关张翰,实时热点,热点
首例5G乳腺手术,实时热点,热点
金莎电话开导粉丝,实时热点,热点
京都动画死亡人数,实时热点,热点
张扣扣被执行死刑,实时热点,热点
常州奔驰连撞多车,实时热点,热点
中兴获进网许可证,实时热点,热点
王思聪股权被冻结,实时热点,热点
萧亚轩凌晨发视频,实时热点,热点
李现高考采访视频,实时热点,热点
汪涵现场录音曝光,实时热点,热点
滴滴顺风整改方案,实时热点,热点
杭州14岁女孩找到,实时热点,热点
歌手姚莉离世,实时热点,热点
刚果埃博拉疫情,实时热点,热点
天宫二号回家,实时热点,热点
松原3.6级地震,实时热点,热点
京都动画发生爆炸,实时热点,热点
叶璇小默先生分手,实时热点,热点
浙大教授 脑研究,实时热点,热点
全球紧急卫生事件,实时热点,热点
端火锅泼妻子同学,实时热点,热点
海底巨型垃圾场,实时热点,热点
中国跳水队第10金,实时热点,热点
章莹颖案结案陈词,实时热点,热点
女房客报复民宿,实时热点,热点
董璇离婚后现身,实时热点,热点
拒绝挪车两人身亡,实时热点,热点
7岁男孩当上CEO,实时热点,热点
119吗我是110,今日热点,热点
网曝周星驰已结婚,今日热点,热点
原财经主持人被拘,今日热点,热点
台风丹娜丝生成,今日热点,热点
清华本科提档线,今日热点,热点
漫威首位华裔英雄,今日热点,热点
张丹峰公司注销,今日热点,热点
曝董璇离婚原因,今日热点,热点
莫高窟暂停开放,今日热点,热点
李嫣与闺蜜拍写真,今日热点,热点
高云翔董璇已离婚,今日热点,热点
火箭正式完成交易,今日热点,热点
微信浮窗功能,今日热点,热点
舒淇荧光橙造型,今日热点,热点
黄铮机场打骂小孩,今日热点,热点
韩国立法禁止欺凌,今日热点,热点
全球手机网速排名,今日热点,热点
陕师大手写通知书,今日热点,热点
章子欣母亲首露面,今日热点,热点
东航放油备降救人,今日热点,热点
九州缥缈录开播,今日热点,热点
哈卷出演小美人鱼,今日热点,热点
特斯拉员工曝内幕,今日热点,热点
个人破产制度试点,今日热点,热点
007主角变成黑人,今日热点,热点
砸公交司机案宣判,今日热点,热点
默克尔呼吸急促,今日热点,热点
作家苏叔阳逝世,今日热点,热点
摆渡车倒车撞飞机,今日热点,热点
三把菜刀从天而降,今日热点,热点
清凤赔偿清风赔偿,今日热点,热点
宋茜木村光希合影,今日热点,热点
刘恺威小糯米合唱,今日热点,热点
周星驰否认已婚,今日热点,热点
动物园熊猫被砸,今日热点,热点
王嘉尔食物中毒,今日热点,热点
欧盟首位女性主席,今日热点,热点
吴卓林否认情变,今日热点,热点
晋江文学城停更,今日热点,热点
失踪女童调查情况,今日热点,热点
急救知识纳入考试,今日热点,热点
英国王室鹅口普查,今日热点,热点
杭州失联女童监控,七日热点,热点
胜利夜店无性暴力,七日热点,热点
在家被偷拍三年,七日热点,热点
大s回应欺负阿雅,七日热点,热点
李荣浩求婚杨丞琳,七日热点,热点
罗家英切除前列腺,七日热点,热点
马天宇表白王菲,七日热点,热点
滴滴6年亏390亿,七日热点,热点
章案嫌犯父亲道歉,七日热点,热点
失踪女童漳州出现,七日热点,热点
13元买车为拍网剧,七日热点,热点
绝地求生约旦遭禁,七日热点,热点
武汉水位突破25米,七日热点,热点
色盲男子造假币,七日热点,热点
长江1号洪水形成,七日热点,热点
复联英雄将重聚,七日热点,热点
王珞丹领养瓢哥,七日热点,热点
40天加长版三伏天,七日热点,热点
许志安演唱会遭嘘,七日热点,热点
不再公布楼市均价,七日热点,热点
强生爽身粉致癌案,七日热点,热点
印尼7.1级地震,七日热点,热点
曝古天乐将结婚,七日热点,热点
2019韩国小姐,七日热点,热点
曝董璇高云翔离婚,七日热点,热点
哈尔滨公交车失控,七日热点,热点
大疆通过美国审核,七日热点,热点
徐峥换脸沈腾,七日热点,热点
财富中国500强榜单,七日热点,热点
孙杨1500米自由泳,七日热点,热点
山下智久悼念喜多川,七日热点,热点
全国鲜果价格上涨,七日热点,热点
网上抢红包要缴税,七日热点,热点
齐达内兄弟离世,七日热点,热点
具惠善减肥失败原因,七日热点,热点
人类登月50周年,民生热点,热点
高楼坠刀嫌疑人,民生热点,热点
瑞典一架飞机坠毁,民生热点,热点
国民经济半年报,民生热点,热点
良渚玉器亮相故宫,民生热点,热点
小鹏汽车回应退车,民生热点,热点
纽约或再次停电,民生热点,热点
网易传媒回应裁员,民生热点,热点
16楼扔下灭火器,民生热点,热点
首张量子纠缠图像,民生热点,热点
外卖员抱走女孩,民生热点,热点
武汉酒店大楼坍塌,民生热点,热点
垃圾分类,民生热点,热点
王千源,热点人物,人物
宣璐,热点人物,人物
吴俊余,热点人物,人物
马天宇,热点人物,人物
董璇,热点人物,人物
骆明,热点人物,人物
周彦辰,热点人物,人物
杨紫,热点人物,人物
高云翔,热点人物,人物
王佑硕,热点人物,人物
彦希,热点人物,人物
刘维,热点人物,人物
黄子韬,热点人物,人物
蔡徐坤,热点人物,人物
马东锡,热点人物,人物
迪丽热巴,热点人物,人物
唐纳德・特朗普,热点人物,人物
周笔畅,热点人物,人物
徐正溪,热点人物,人物
杨幂,热点人物,人物
窦骁,热点人物,人物
王一博,热点人物,人物
周星驰,热点人物,人物
关晓彤,热点人物,人物
薛之谦,热点人物,人物
唐嫣,热点人物,人物
张子枫,热点人物,人物
朱一龙,热点人物,人物
刘昊然,热点人物,人物
鞠婧t,热点人物,人物
郭美美,热点人物,人物
石原里美,热点人物,人物
郭俊辰,热点人物,人物
赵丽颖,热点人物,人物
11,热点人物,人物
范冰冰,热点人物,人物
刘亦菲,热点人物,人物
赵今麦,热点人物,人物
邓伦,热点人物,人物
华晨宇,热点人物,人物
佟丽娅,热点人物,人物
张丹峰,热点人物,人物
古天乐,热点人物,人物
倪妮,热点人物,人物
胡歌,热点人物,人物
雷佳音,热点人物,人物
angelababy,热点人物,人物
李毅,热点人物,人物
邓超,热点人物,人物
鹿晗,热点人物,人物
邢菲,女明星,人物
郑爽,女明星,人物
宋祖儿,女明星,人物
邓紫棋,女明星,人物
柳岩,女明星,人物
林允儿,女明星,人物
李沁,女明星,人物
欧阳娜娜,女明星,人物
何韵诗,女明星,人物
刘瑞琦,女明星,人物
刘涛,女明星,人物
宋茜,女明星,人物
戚薇,女明星,人物
孙莉,女明星,人物
林志玲,女明星,人物
邱淑贞,女明星,人物
张柏芝,女明星,人物
郭碧婷,女明星,人物
柴碧云,女明星,人物
景甜,女明星,人物
江疏影,女明星,人物
古力娜扎,女明星,人物
舒淇,女明星,人物
赵薇,女明星,人物
宋慧乔,女明星,人物
朱茵,女明星,人物
赵丽蓉,女明星,人物
章子怡,女明星,人物
董洁,女明星,人物
谭松韵,女明星,人物
王丽坤,女明星,人物
李小璐,女明星,人物
王鸥,女明星,人物
李现,男明星,人物
许魏洲,男明星,人物
周杰伦,男明星,人物
彭于晏,男明星,人物
王俊凯,男明星,人物
易烊千玺,男明星,人物
陈浩民,男明星,人物
吴亦凡,男明星,人物
张艺兴,男明星,人物
许嵩,男明星,人物
郭德纲,男明星,人物
黄磊,男明星,人物
张一山,男明星,人物
罗志祥,男明星,人物
王源,男明星,人物
郑恺,男明星,人物
陈赫,男明星,人物
李晨,男明星,人物
李荣浩,男明星,人物
刘恺威,男明星,人物
林俊杰,男明星,人物
陈伟霆,男明星,人物
张国荣,男明星,人物
木村拓哉,男明星,人物
张嘉译,男明星,人物
孙红雷,男明星,人物
吴京,男明星,人物
李易峰,男明星,人物
罗晋,男明星,人物
洛克王国,网页游戏,游戏
奥拉星,网页游戏,游戏
奥奇传说,网页游戏,游戏
奥比岛,网页游戏,游戏
火影忍者ol,网页游戏,游戏
一代枭雄,网页游戏,游戏
天书奇谈,网页游戏,游戏
全面战争,网页游戏,游戏
今天,网页游戏,游戏
加勒比海盗,网页游戏,游戏
德州扑克,网页游戏,游戏
星球大战,网页游戏,游戏
攻城掠地,网页游戏,游戏
塔防三国志,网页游戏,游戏
弹弹堂,网页游戏,游戏
满江红,网页游戏,游戏
七雄争霸,网页游戏,游戏
兵马俑,网页游戏,游戏
皮卡堂,网页游戏,游戏
神仙道,网页游戏,游戏
新城,网页游戏,游戏
共和国之辉,网页游戏,游戏
坦克大战,网页游戏,游戏
创世纪,网页游戏,游戏
奥雅之光,网页游戏,游戏
龙城,网页游戏,游戏
轩辕剑,网页游戏,游戏
炫舞时代,网页游戏,游戏
英雄杀,网页游戏,游戏
英雄远征,网页游戏,游戏
忆江南,网页游戏,游戏
号令天下,网页游戏,游戏
三国杀online,网页游戏,游戏
亚瑟王,网页游戏,游戏
三国战记,网页游戏,游戏
文明,网页游戏,游戏
英雄联盟,网络游戏,游戏
dota2,网络游戏,游戏
我的世界,网络游戏,游戏
守望先锋,网络游戏,游戏
梦幻西游,网络游戏,游戏
魔兽世界,网络游戏,游戏
跑跑卡丁车,网络游戏,游戏
冒险岛,网络游戏,游戏
坦克世界,网络游戏,游戏
穿越火线,网络游戏,游戏
热血江湖,网络游戏,游戏
最终幻想14,网络游戏,游戏
300英雄,网络游戏,游戏
剑网3,网络游戏,游戏
问道,网络游戏,游戏
qq飞车,网络游戏,游戏
流放之路,网络游戏,游戏
龙之谷,网络游戏,游戏
地下城与勇士,网络游戏,游戏
星际战甲,网络游戏,游戏
逆战,网络游戏,游戏
战舰世界,网络游戏,游戏
激战2,网络游戏,游戏
传奇,网络游戏,游戏
九阴真经,网络游戏,游戏
封印者,网络游戏,游戏
qq三国,网络游戏,游戏
劲舞团,网络游戏,游戏
新倩女幽魂,网络游戏,游戏
方舟生存进化,网络游戏,游戏
大话西游2,网络游戏,游戏
铁甲雄兵,网络游戏,游戏
冒险岛2,网络游戏,游戏
qq炫舞,网络游戏,游戏
奇迹mu,网络游戏,游戏
传奇世界,网络游戏,游戏
暗黑破坏神3,网络游戏,游戏
天下3,网络游戏,游戏
战意,网络游戏,游戏
王者荣耀,手机游戏,游戏
炉石传说,手机游戏,游戏
崩坏3,手机游戏,游戏
元气骑士,手机游戏,游戏
欢乐斗地主,手机游戏,游戏
楚留香,手机游戏,游戏
荒野行动,手机游戏,游戏
神武3,手机游戏,游戏
不思议迷宫,手机游戏,游戏
萌战,手机游戏,游戏
造梦西游,手机游戏,游戏
永远的7日之都,手机游戏,游戏
非人学园,手机游戏,游戏
天龙八部手游,手机游戏,游戏
我叫mt,手机游戏,游戏
少年三国志,手机游戏,游戏
百万亚瑟王,手机游戏,游戏
荒野乱斗,手机游戏,游戏
刀塔传奇,手机游戏,游戏
节奏大师,手机游戏,游戏
天天酷跑,手机游戏,游戏
三国乱世,手机游戏,游戏
终结者2审判日,手机游戏,游戏
魔卡幻想,手机游戏,游戏
大掌门,手机游戏,游戏
丛林法则,手机游戏,游戏
放开那三国,手机游戏,游戏
撸啊撸,手机游戏,游戏
剑侠世界2,手机游戏,游戏
熹妃传,手机游戏,游戏
如来神掌,手机游戏,游戏
啪啪三国,手机游戏,游戏
长生诀,手机游戏,游戏
时空猎人,手机游戏,游戏
蜀门手游,手机游戏,游戏
逐鹿中原,手机游戏,游戏
天天爱消除,手机游戏,游戏
部落战争,手机游戏,游戏
混沌与秩序,手机游戏,游戏
王者之剑,手机游戏,游戏
魔法王座,手机游戏,游戏
世界ol,手机游戏,游戏
波克捕鱼,手机游戏,游戏
恋舞ol,手机游戏,游戏
植物大战僵尸,单机游戏,游戏
使命召唤,单机游戏,游戏
会说话的汤姆猫2,单机游戏,游戏
数独,单机游戏,游戏
星露谷物语,单机游戏,游戏
泡泡堂,单机游戏,游戏
神庙逃亡电脑版,单机游戏,游戏
拳皇,单机游戏,游戏
大富翁,单机游戏,游戏
超级玛丽,单机游戏,游戏
蜘蛛纸牌,单机游戏,游戏
黄金矿工,单机游戏,游戏
果蔬连连看,单机游戏,游戏
愤怒的小鸟,单机游戏,游戏
合金弹头,单机游戏,游戏
宠物连连看,单机游戏,游戏
缺氧,单机游戏,游戏
生化危机7,单机游戏,游戏
使命召唤14,单机游戏,游戏
俄罗斯方块,单机游戏,游戏
狂扁小朋友,单机游戏,游戏
仁王,单机游戏,游戏
掘地求升,单机游戏,游戏
暴力摩托,单机游戏,游戏
猎天使魔女,单机游戏,游戏
刺客信条起源,单机游戏,游戏
打豆豆,单机游戏,游戏
保卫萝卜,单机游戏,游戏
逃生,单机游戏,游戏
极品台球3,单机游戏,游戏
王国保卫战,单机游戏,游戏
大鱼吃小鱼,单机游戏,游戏
皇帝成长计划,单机游戏,游戏
逃生2,单机游戏,游戏
幽灵行动,单机游戏,游戏
斗地主,单机游戏,游戏
泡泡龙,单机游戏,游戏
恶灵附身2,单机游戏,游戏
找你妹,单机游戏,游戏
街头霸王2,单机游戏,游戏
合金装备5,单机游戏,游戏
拖拉机小游戏,单机游戏,游戏
水果连连看,单机游戏,游戏
密室逃脱,单机游戏,游戏
葫芦娃,单机游戏,游戏
老爹汉堡店,单机游戏,游戏
