安以轩名誉权案,娱乐热点,热点
赵丽颖产后现身,娱乐热点,热点
李玟雨移交检察院,娱乐热点,热点
吴建豪周渝民同框,娱乐热点,热点
刘德华与空姐合影,娱乐热点,热点
华谊与姜至奂解约,娱乐热点,热点
模特核电站不雅照,娱乐热点,热点
林心如一家首同框,娱乐热点,热点
林俊杰经纪人道歉,娱乐热点,热点
孙红雷室内吸烟,娱乐热点,热点
凯莉海豚音开瓶盖,娱乐热点,热点
中国大妈,娱乐热点,热点
吴彦祖女儿曝光,娱乐热点,热点
密室大逃脱,娱乐热点,热点
郑爽给爸爸发888,娱乐热点,热点
生化危机2重制版,娱乐热点,热点
妻子的浪漫旅行,娱乐热点,热点
英雄联盟自走棋,娱乐热点,热点
迪士尼 漫威建筑,娱乐热点,热点
baby回应深夜发文,娱乐热点,热点
网曝周星驰已结婚,娱乐热点,热点
董璇离婚后现身,娱乐热点,热点
漫威首位华裔英雄,娱乐热点,热点
张丹峰公司注销,娱乐热点,热点
曝董璇离婚原因,娱乐热点,热点
李嫣与闺蜜拍写真,娱乐热点,热点
高云翔董璇已离婚,娱乐热点,热点
舒淇荧光橙造型,娱乐热点,热点
黄铮机场打骂小孩,娱乐热点,热点
章子欣母亲首露面,娱乐热点,热点
哈卷出演小美人鱼,娱乐热点,热点
007主角变成黑人,娱乐热点,热点
宋茜木村光希合影,娱乐热点,热点
刘恺威小糯米合唱,娱乐热点,热点
周星驰否认已婚,娱乐热点,热点
王嘉尔食物中毒,娱乐热点,热点
吴卓林否认情变,娱乐热点,热点
罗家英切除前列腺,娱乐热点,热点
安以轩名誉权案,娱乐热点,热点
赵丽颖产后现身,娱乐热点,热点
李玟雨移交检察院,娱乐热点,热点
马天宇表白王菲,娱乐热点,热点
吴建豪周渝民同框,娱乐热点,热点
中国新说唱,娱乐热点,热点
大s回应欺负阿雅,娱乐热点,热点
齐达内兄弟离世,娱乐热点,热点
曝古天乐将结婚,娱乐热点,热点
刘德华与空姐合影,娱乐热点,热点
华谊与姜至奂解约,娱乐热点,热点
曝董璇高云翔离婚,娱乐热点,热点
模特核电站不雅照,娱乐热点,热点
林心如一家首同框,娱乐热点,热点
许志安演唱会遭嘘,娱乐热点,热点
李荣浩求婚杨丞琳,娱乐热点,热点
胜利夜店无性暴力,娱乐热点,热点
王珞丹领养瓢哥,娱乐热点,热点
林俊杰经纪人道歉,娱乐热点,热点
孙红雷室内吸烟,娱乐热点,热点
复联英雄将重聚,娱乐热点,热点
凯莉海豚音开瓶盖,娱乐热点,热点
中国大妈,娱乐热点,热点
吴彦祖女儿曝光,娱乐热点,热点
密室大逃脱,娱乐热点,热点
郑爽给爸爸发888,娱乐热点,热点
生化危机2重制版,娱乐热点,热点
两小无猜,娱乐热点,热点
妻子的浪漫旅行,娱乐热点,热点
英雄联盟自走棋,娱乐热点,热点
迪士尼 ,娱乐热点,热点
三生三世宸汐缘,全部,小说
剑来,全部,小说
元尊,全部,小说
全球高武,全部,小说
圣墟,全部,小说
诡秘之主,全部,小说
修真聊天群,全部,小说
武炼巅峰,全部,小说
牧神记,全部,小说
全职法师,全部,小说
明朝败家子,全部,小说
伏天氏,全部,小说
逆天邪神,全部,小说
凡人修仙传,全部,小说
三寸人间,全部,小说
大道朝天,全部,小说
民国谍影,全部,小说
九州,全部,小说
全职高手,全部,小说
万古神帝,全部,小说
完美世界,全部,小说
龙族,全部,小说
帝霸,全部,小说
赘婿,全部,小说
三国演义,全部,小说
秦吏,全部,小说
史上最强赘婿,全部,小说
帝师,全部,小说
儒道至圣,全部,小说
天下第九,全部,小说
学霸的黑科技系统,全部,小说
超神机械师,全部,小说
校花的贴身高手,全部,小说
雪中悍刀行,玄幻奇幻,小说
造化之王,玄幻奇幻,小说
修罗武神,玄幻奇幻,小说
人皇纪,玄幻奇幻,小说
星辰变,玄幻奇幻,小说
凡人修仙之仙界篇,玄幻奇幻,小说
万古最强宗,玄幻奇幻,小说
武动乾坤,玄幻奇幻,小说
天阿降临,玄幻奇幻,小说
遮天,玄幻奇幻,小说
天道图书馆,玄幻奇幻,小说
黎明之剑,玄幻奇幻,小说
仙逆,玄幻奇幻,小说
大主宰,玄幻奇幻,小说
镇魂,玄幻奇幻,小说
诛仙,玄幻奇幻,小说
天骄战纪,玄幻奇幻,小说
龙腾,玄幻奇幻,小说
魔域,玄幻奇幻,小说
我是至尊,玄幻奇幻,小说
斗破苍穹之无上之境,玄幻奇幻,小说
开天录,玄幻奇幻,小说
绝世唐门,玄幻奇幻,小说
灵剑尊,玄幻奇幻,小说
斗战神,玄幻奇幻,小说
永夜君王,玄幻奇幻,小说
都市仙尊,都市言情,小说
还看今朝,都市言情,小说
美食供应商,都市言情,小说
大医凌然,都市言情,小说
余罪,都市言情,小说
久久,都市言情,小说
我的微信连三界,都市言情,小说
重燃,都市言情,小说
纵横,都市言情,小说
总裁在上,都市言情,小说
我的绝色总裁未婚妻,都市言情,小说
从仙侠世界归来,都市言情,小说
鬼谷子,都市言情,小说
少帅,都市言情,小说
校园全能高手,都市言情,小说
神犬小七,都市言情,小说
都市奇门医圣,都市言情,小说
杀破狼,都市言情,小说
都市超级医圣,都市言情,小说
我,都市言情,小说
重生完美时代,都市言情,小说
大王饶命,都市言情,小说
点道为止,都市言情,小说
逍遥兵王,都市言情,小说
我在万界送外卖,都市言情,小说
女总裁的贴身兵王,都市言情,小说
重生军工子弟,都市言情,小说
正道潜龙,都市言情,小说
回到地球当神棍,都市言情,小说
重生之都市修仙,都市言情,小说
最强弃少,都市言情,小说
神印王座,都市言情,小说
最佳娱乐时代,都市言情,小说
爱情公寓5,都市言情,小说
极品全能学生,都市言情,小说
许你万丈光芒好,都市言情,小说
神级强者在都市,都市言情,小说
重生之魔教教主,武侠仙侠,小说
蛊真人,武侠仙侠,小说
道门法则,武侠仙侠,小说
道君,武侠仙侠,小说
平天策,武侠仙侠,小说
逍遥游,武侠仙侠,小说
一念永恒,武侠仙侠,小说
偷香高手,武侠仙侠,小说
武侠世界大冒险,武侠仙侠,小说
九霄奔云传,武侠仙侠,小说
飞剑问道,武侠仙侠,小说
拜师九叔,武侠仙侠,小说
从前有座灵剑山,武侠仙侠,小说
我欲封天,武侠仙侠,小说
百炼成仙,武侠仙侠,小说
武侠之神级捕快,武侠仙侠,小说
大圣传,武侠仙侠,小说
剑王朝,武侠仙侠,小说
一品修仙,武侠仙侠,小说
修真界败类,武侠仙侠,小说
求魔,武侠仙侠,小说
独步天下,武侠仙侠,小说
玄界之门,武侠仙侠,小说
圣王,武侠仙侠,小说
造化之门,武侠仙侠,小说
修真世界,武侠仙侠,小说
修仙狂徒,武侠仙侠,小说
惟我独仙,武侠仙侠,小说
凡人修仙,武侠仙侠,小说
帝尊,武侠仙侠,小说
死人经,武侠仙侠,小说
斗战狂潮,武侠仙侠,小说
九鼎记,武侠仙侠,小说
觅仙道,武侠仙侠,小说
西游之大娱乐家,武侠仙侠,小说
许仙志,武侠仙侠,小说
兔子必须死,武侠仙侠,小说
你好旧时光,青春校园,小说
夏至未至,青春校园,小说
我的贴身校花,青春校园,小说
惹上冷殿下,青春校园,小说
匆匆那年,青春校园,小说
寻找前世之旅,青春校园,小说
以你为名的青春,青春校园,小说
很纯很暧昧,青春校园,小说
亵渎,青春校园,小说
痛仰,青春校园,小说
烈火如歌,青春校园,小说
左耳,青春校园,小说
大约是爱,青春校园,小说
骄阳似我,青春校园,小说
捡个校花做老婆,青春校园,小说
重生校园之商女,青春校园,小说
恶魔少爷别吻我,青春校园,小说
良辰讵可待,青春校园,小说
他知道风从哪个方向来,青春校园,小说
千山暮雪,青春校园,小说
我们是兄弟,青春校园,小说
胆小鬼,青春校园,小说
校园,青春校园,小说
我的波塞冬,青春校园,小说
校花,青春校园,小说
花开半夏,青春校园,小说
旋风少女,青春校园,小说
重生之大涅磐,青春校园,小说
我曾在时光里听过你,青春校园,小说
终极教师,青春校园,小说
花季・雨季,青春校园,小说
快穿之花式逆袭男神方案,青春校园,小说
特种教师,青春校园,小说
超级教师,青春校园,小说
摘星,青春校园,小说
我站在桥上看风景,青春校园,小说
雀斑,青春校园,小说
眉飞色舞,青春校园,小说
我们都是坏孩子,青春校园,小说
校园狂少,青春校园,小说
一路繁花相送,青春校园,小说
重生超级巨星,青春校园,小说
校园高手,青春校园,小说
校园绝品狂徒,青春校园,小说
一起混过的日子,青春校园,小说
带着仓库到大明,穿越架空,小说
异世邪君,穿越架空,小说
放开那个女巫,穿越架空,小说
神医毒妃,穿越架空,小说
盛世嫡妃,穿越架空,小说
回到明朝当王爷,穿越架空,小说
新宋,穿越架空,小说
临高启明,穿越架空,小说
殷,穿越架空,小说
春日宴,穿越架空,小说
善良的死神,穿越架空,小说
锦衣夜行,穿越架空,小说
步步生莲,穿越架空,小说
法医狂妃,穿越架空,小说
召唤万岁,穿越架空,小说
凌天传说,穿越架空,小说
明末边军一小兵,穿越架空,小说
殇璃,穿越架空,小说
官居一品,穿越架空,小说
魔兽剑圣异界纵横,穿越架空,小说
权宠悍妻,穿越架空,小说
长生不死,穿越架空,小说
江山美色,穿越架空,小说
倾城天下,穿越架空,小说
冷王毒宠医妃,穿越架空,小说
嫡女重生,穿越架空,小说
佞,穿越架空,小说
隋唐,穿越架空,小说
傲剑凌云,穿越架空,小说
宋时归,穿越架空,小说
神医毒妃太嚣张,穿越架空,小说
系统的黑科技网吧,穿越架空,小说
张三丰异界游,穿越架空,小说
金庸世界里的道士,穿越架空,小说
家养小首辅,穿越架空,小说
谢家皇后,穿越架空,小说
权柄,穿越架空,小说
王府宠妾,穿越架空,小说
调教初唐,穿越架空,小说
唐骑,穿越架空,小说
穿越者,穿越架空,小说
后唐,穿越架空,小说
医妃独步天下,穿越架空,小说
名门,穿越架空,小说
我有一座恐怖屋,惊悚悬疑,小说
神武,惊悚悬疑,小说
深夜书屋,惊悚悬疑,小说
诸界末日在线,惊悚悬疑,小说
修真四万年,惊悚悬疑,小说
吞噬星空,惊悚悬疑,小说
异常生物见闻录,惊悚悬疑,小说
幻想世界大穿越,惊悚悬疑,小说
茅山捉鬼人,惊悚悬疑,小说
惊悚乐园,惊悚悬疑,小说
黄泉杂货铺,惊悚悬疑,小说
心理罪,惊悚悬疑,小说
未来天王,惊悚悬疑,小说
诡神冢,惊悚悬疑,小说
末日轮盘,惊悚悬疑,小说
蛇妻美人,惊悚悬疑,小说
极品捉鬼系统,惊悚悬疑,小说
电影的世界,惊悚悬疑,小说
妙医圣手,惊悚悬疑,小说
我在末世有套房,惊悚悬疑,小说
希灵帝国,惊悚悬疑,小说
恶魔法则,惊悚悬疑,小说
科技图书馆,惊悚悬疑,小说
苗疆蛊事,惊悚悬疑,小说
我的小人国,惊悚悬疑,小说
黑暗血时代,惊悚悬疑,小说
我的奇妙男友,惊悚悬疑,小说
点天灯,惊悚悬疑,小说
鬼吹灯,惊悚悬疑,小说
道师爷,惊悚悬疑,小说
阴媒,惊悚悬疑,小说
废土,惊悚悬疑,小说
摸金校尉,惊悚悬疑,小说
驭房有术,惊悚悬疑,小说
青囊尸衣,惊悚悬疑,小说
守墓人,惊悚悬疑,小说
最后一个道士,惊悚悬疑,小说
藏地密码,惊悚悬疑,小说
摸金校尉之九幽将军,惊悚悬疑,小说
全球进化,惊悚悬疑,小说
王牌进化,惊悚悬疑,小说
魔鬼考卷,惊悚悬疑,小说
电影世界穿梭门,惊悚悬疑,小说
最终进化,惊悚悬疑,小说
三国,历史军事,小说
如意小郎君,历史军事,小说
汉乡,历史军事,小说
寒门崛起,历史军事,小说
天唐锦绣,历史军事,小说
长宁帝军,历史军事,小说
神话版三国,历史军事,小说
楚臣,历史军事,小说
北宋大丈夫,历史军事,小说
寒门状元,历史军事,小说
大江大河,历史军事,小说
大明文魁,历史军事,小说
帝国吃相,历史军事,小说
我要做门阀,历史军事,小说
间谍的战争,历史军事,小说
大明望族,历史军事,小说
迷失在一六二九,历史军事,小说
宰执天下,历史军事,小说
明朝那些事儿,历史军事,小说
夜天子,历史军事,小说
世说新语,历史军事,小说
汉祚高门,历史军事,小说
乌合之众,历史军事,小说
墨唐,历史军事,小说
逍遥小书生,历史军事,小说
寒门祸害,历史军事,小说
大魏宫廷,历史军事,小说
黑道特种兵,历史军事,小说
逍遥侯,历史军事,小说
银狐,历史军事,小说
穿越,历史军事,小说
寒门贵子,历史军事,小说
大唐官,历史军事,小说
佣兵的战争,历史军事,小说
乱清,历史军事,小说
大宋的智慧,历史军事,小说
天行,游戏竞技,小说
重生之最强剑神,游戏竞技,小说
带刀禁卫,游戏竞技,小说
篮坛之氪金无敌,游戏竞技,小说
无限恐怖,游戏竞技,小说
我就是能进球,游戏竞技,小说
联盟之魔王系统,游戏竞技,小说
恶魔囚笼,游戏竞技,小说
超级锋暴,游戏竞技,小说
绿茵峥嵘,游戏竞技,小说
无限气运主宰,游戏竞技,小说
王者时刻,游戏竞技,小说
从零开始,游戏竞技,小说
天启之门,游戏竞技,小说
重生之贼行天下,游戏竞技,小说
光头武僧在都市,游戏竞技,小说
燃钢之魂,游戏竞技,小说
斩龙,游戏竞技,小说
网游之近战法师,游戏竞技,小说
联盟之佣兵系统,游戏竞技,小说
网游之天下无双,游戏竞技,小说
氪无不胜,游戏竞技,小说
网游之纵横天下,游戏竞技,小说
猛龙过江,游戏竞技,小说
胜者为王,游戏竞技,小说
蜀山,游戏竞技,小说
网游之邪龙逆天,游戏竞技,小说
末日蟑螂,游戏竞技,小说
英雄联盟之决胜巅峰,游戏竞技,小说
进球万岁,游戏竞技,小说
无限之配角的逆袭,游戏竞技,小说
超级玩家,游戏竞技,小说
影帝,游戏竞技,小说
伊塔之柱,游戏竞技,小说
篮坛大流氓,游戏竞技,小说
大盗贼,游戏竞技,小说
开局一个大天使,游戏竞技,小说
我的身体有bug,游戏竞技,小说
怪物聊天群,游戏竞技,小说
极品太子爷,游戏竞技,小说
网游之天谴修罗,游戏竞技,小说
网游之神级机械猎人,游戏竞技,小说
深渊主宰,游戏竞技,小说
文明之万界领主,游戏竞技,小说
天官赐福,耽美同人,小说
轮回乐园,耽美同人,小说
我只喜欢你,耽美同人,小说
择天记,耽美同人,小说
我们的少年时代,耽美同人,小说
楚乔传,耽美同人,小说
转生眼中的火影世界,耽美同人,小说
一世倾城,耽美同人,小说
龙王传说,耽美同人,小说
六爻,耽美同人,小说
大数据修仙,耽美同人,小说
尘落,耽美同人,小说
莲花,耽美同人,小说
快穿,耽美同人,小说
奇迹的召唤师,耽美同人,小说
白发皇妃,耽美同人,小说
晨曦,耽美同人,小说
锦瑟,耽美同人,小说
独家记忆,耽美同人,小说
无疆,耽美同人,小说
天下,耽美同人,小说
总裁,耽美同人,小说
神藏,耽美同人,小说
凤求凰,耽美同人,小说
时间简史,耽美同人,小说
致我们单纯的小美好,耽美同人,小说
飞鱼,耽美同人,小说
天乩之白蛇传说,耽美同人,小说
暴君,耽美同人,小说
天坑鹰猎,耽美同人,小说
三眼哮天录,耽美同人,小说
孤芳不自赏,耽美同人,小说
精灵之传奇训练家,耽美同人,小说
奥术神座,耽美同人,小说
杀生丸,耽美同人,小说
封神演义,文学经典,小说
诗经,文学经典,小说
平凡的世界,文学经典,小说
长恨歌,文学经典,小说
白鹿原,文学经典,小说
黄帝内经,文学经典,小说
了不起的盖茨比,文学经典,小说
史记,文学经典,小说
朝花夕拾,文学经典,小说
资治通鉴,文学经典,小说
孙子兵法,文学经典,小说
变形记,文学经典,小说
变色龙,文学经典,小说
昆虫记,文学经典,小说
三十六计,文学经典,小说
老人与海,文学经典,小说
骆驼祥子,文学经典,小说
隋唐演义,文学经典,小说
哈姆雷特,文学经典,小说
冥婚,文学经典,小说
红高粱,文学经典,小说
聊斋志异,文学经典,小说
城南旧事,文学经典,小说
童年,文学经典,小说
钢铁是怎样炼成的,文学经典,小说
儒林外史,文学经典,小说
边城,文学经典,小说
茶馆,文学经典,小说
荀子,文学经典,小说
聊斋,文学经典,小说
厚黑学,文学经典,小说
安徒生童话,文学经典,小说
红与黑,文学经典,小说
呐喊,文学经典,小说
堂吉诃德,文学经典,小说
古文观止,文学经典,小说
飘,文学经典,小说
茅山后裔,文学经典,小说
